,Logistic Regression_Investing,Logistic Regression_Stocks,Multinomial Naive Bayes_Investing,Multinomial Naive Bayes_Stocks,Random Forest_Investing,Random Forest_Stocks,Gradient Boosting_Investing,Gradient Boosting_Stocks
source,0.0,0.0,0.0,0.0,0.003452874214217594,0.003452874214217594,0.02219416815067351,0.02219416815067351
www,0.0,1.9080449772714556,0.0,6.274342562346405,0.008069866526765094,0.008069866526765094,0.017155564277739867,0.017155564277739867
bitgo,0.22811180810918394,0.0,9.604100221676605,0.0,0.0,0.0,0.0,0.0
investment,0.0,0.0,0.0,0.0,0.0075161892016207595,0.0075161892016207595,0.023463318430713746,0.023463318430713746
minted,0.1631279146682123,0.0,9.604100221676605,0.0,0.0,0.0,0.0,0.0
said,0.0,1.8981020827559976,0.0,6.211381287208676,0.004288734168743211,0.004288734168743211,0.0,0.0
award,0.0,0.0,0.0,0.0,0.004373670028636972,0.004373670028636972,0.014428619348292003,0.014428619348292003
ticker,0.0,0.0,0.0,0.0,0.0,0.0,0.00837696735503386,0.00837696735503386
vested,0.2711248840675973,0.0,9.604100221676605,0.0,0.0,0.0,0.0,0.0
cnbc,0.0,0.0,0.0,0.0,0.004458865868414394,0.004458865868414394,0.014377681260150505,0.014377681260150505
new,0.0,0.0,0.0,0.0,0.0033801988254455622,0.0033801988254455622,0.008261339811329305,0.008261339811329305
tesla,0.0,0.8009702257128614,0.0,6.368557681060922,0.0,0.0,0.0,0.0
http,0.0,1.7922655716292886,0.0,6.0331561880133675,0.00804217487708234,0.00804217487708234,0.010969590839489044,0.010969590839489044
bond,0.0,0.0,0.0,0.0,0.0035299113595945912,0.0035299113595945912,0.007917359487161942,0.007917359487161942
year,0.0,0.35940998110230093,0.0,5.7602994645912915,0.0,0.0,0.0,0.0
invest,0.0,0.0,0.0,0.0,0.004063468679203887,0.004063468679203887,0.00888651642881515,0.00888651642881515
html,0.0,0.0,0.0,0.0,0.0056754190258400915,0.0056754190258400915,0.0,0.0
expedia,0.11836852421662446,0.0,9.604100221676605,0.0,0.0,0.0,0.0,0.0
one,0.0,0.05204860632772348,0.0,6.492019053455811,0.0,0.0,0.0,0.0
people,0.0,0.09808025059813291,0.0,6.431965258045785,0.0,0.0,0.0,0.0
red,0.0,0.0,0.0,0.0,0.0,0.0,0.008860874264073651,0.008860874264073651
price,0.0,0.26662558787060503,0.0,6.104294297027257,0.0,0.0,0.0,0.0
fbclid,0.2823016615460945,0.0,9.604100221676605,0.0,0.0,0.0,0.0,0.0
backdoor,0.2655338394480585,0.0,9.604100221676605,0.0,0.0,0.0,0.0,0.0
time,0.0,0.17375241889700757,0.0,6.331181560198088,0.0,0.0,0.0,0.0
treasurydirect,0.2507431000579706,0.0,9.604100221676605,0.0,0.0,0.0,0.0,0.0
archegos,0.22796398539285903,0.0,9.604100221676605,0.0,0.0,0.0,0.0,0.0
coronavirus,0.0,0.0,0.0,0.0,0.0,0.0,0.00833571971409251,0.00833571971409251
pekka,0.19899898379456302,0.0,9.604100221676605,0.0,0.0,0.0,0.0,0.0
portfoliovisualizer,0.2757812636118626,0.0,9.604100221676605,0.0,0.0,0.0,0.0,0.0
stock,0.0,2.431024443738387,0.0,5.392990111397208,0.008688312787682917,0.008688312787682917,0.033428772350224074,0.033428772350224074
anheuser,0.09049811512634774,0.0,9.604100221676605,0.0,0.0,0.0,0.0,0.0
asic,0.04925746149993627,0.0,9.604100221676605,0.0,0.0,0.0,0.0,0.0
maxing,0.3376548485540593,0.0,9.604100221676605,0.0,0.0,0.0,0.0,0.0
see,0.0,0.0,0.0,0.0,0.0038144182861759497,0.0038144182861759497,0.0,0.0
fund,0.0,0.0,0.0,0.0,0.006387113283428373,0.006387113283428373,0.025782678708611895,0.025782678708611895
revenue,0.0,1.4705706948760244,0.0,6.381274470645092,0.0,0.0,0.0,0.0
hashrate,0.2202986082995904,0.0,9.604100221676605,0.0,0.0,0.0,0.0,0.0
lof,0.08148619250678023,0.0,9.604100221676605,0.0,0.0,0.0,0.0,0.0
roth,0.0,0.0,0.0,0.0,0.0059533862820360505,0.0059533862820360505,0.026188942752747853,0.026188942752747853
ira,0.0,0.0,0.0,0.0,0.007577577388662445,0.007577577388662445,0.010906760793080368,0.010906760793080368
earnings,0.0,0.3134731226583837,0.0,6.413949395246664,0.0,0.0,0.0,0.0
billion,0.0,0.7313662656431055,0.0,6.088652076821354,0.0,0.0,0.0,0.0
reported,0.0,0.0,0.0,0.0,0.0,0.0,0.011673460198199426,0.011673460198199426
annuity,0.3985313623185495,0.0,9.604100221676605,0.0,0.0,0.0,0.0,0.0
million,0.0,0.17614056892461222,0.0,6.43451404218958,0.0,0.0,0.0,0.0
would,0.0,0.8250509612610436,0.0,6.2674606256093135,0.0,0.0,0.0,0.0
apy,0.3722429900704658,0.0,9.604100221676605,0.0,0.0,0.0,0.0,0.0
account,0.0,0.0,0.0,0.0,0.005473318199720681,0.005473318199720681,0.01313990516725898,0.01313990516725898
share,0.0,0.5250235452432095,0.0,5.941566837156245,0.0037754053207475964,0.0037754053207475964,0.0,0.0
market,0.0,0.35755744138505247,0.0,5.7669633915064,0.0,0.0,0.0,0.0
like,0.0,0.05874092727497391,0.0,6.219873709807917,0.0,0.0,0.0,0.0
lion,0.3631264693675585,0.0,9.604100221676605,0.0,0.0,0.0,0.0,0.0
company,0.0,1.028348332700585,0.0,5.666829827756683,0.005127574071543607,0.005127574071543607,0.02265745135168914,0.02265745135168914
extrinsic,0.12919740349711992,0.0,9.604100221676605,0.0,0.0,0.0,0.0,0.0
com,0.0,1.5919936091565556,0.0,6.068427219763549,0.00810798307965814,0.00810798307965814,0.012817976570092548,0.012817976570092548
tether,0.2452240549317072,0.0,9.604100221676605,0.0,0.0,0.0,0.0,0.0
